וְהֵם אָז רָאוּ דְּהַכֹּל עוֹנֶשׁ אוֹתוֹ מַעֲשֶׂה דְּהֵפֵרוּ תוֹרָה,	They then saw everything as punishment for that act of setting aside the Torah.
וּבֶאֱמֶת כָּל כַּוָּנָתָם לַעֲשׂוֹת לְהַשֵּׁם אֲבָל לְפִי שֶׁהַנִּגְלֶה לֹא כֵן הָיָה לְהָמָן טַעֲנָה,	In truth, their whole intention was to act for God's sake, but since the outward appearance was otherwise, Haman had a claim against them.
וְכֵן יִשְׂרָאֵל שֶׁבְּאוֹתוֹ דּוֹר שֶׁהִשְׁתַּחֲווּ לַצֶּלֶם וַדַּאי לִבָּם בִּשְׁעַת הִשְׁתַּחֲוָיָה הָיָה לַשָּׁמַיִם וְלֹא עָשׂוּ אֶלָּא לְפָנִים	Likewise, the Jews of that generation who bowed to the image certainly directed their hearts to Heaven while bowing; they acted only outwardly.
וְחָשְׁבוּ תְּחִלָּה דְּאֵין רַע בָּזֶה.	At first, they thought there was no evil in this.
אֲבָל אַחַר כָּךְ כְּשֶׁרָאוּ הַגְּזֵירָה הֵבִינוּ דְּאֵין רְצוֹן הַשֵּׁם יִתְבָּרַךְ כָּךְ	But afterward, when they saw the decree, they understood that this was not the blessed God's will.
וְאָז חָשְׁבוּ דְּדָבָר זֶה בָּא לָהֶם מִשּׁוֹרֶשׁ עִנְיַן שָׁאוּל וְדָוִד שֶׁגַּם הֵם עָשׂוּ כֵן	They then thought this had come upon them from the root of Saul and David's conduct, for they too had acted in this way:
דְּבָרִים שֶׁלֹּא מִפִּי הַתּוֹרָה רַק לְפִי שֶׁכַּוָּנָתָם לַשָּׁמַיִם,	doing things not prescribed by the Torah, solely because their intention was for Heaven.
וְעַל כֵּן אָמְרוּ מֶה עָשָׂה וְכוּלֵּי	Therefore they said, “What has he done,” etc.
אֲבָל בֶּאֱמֶת הַשֵּׁם יִרְאֶה לַלֵּבָב וּבִשְׁבִיל נִגְלֶה שֶׁל הַמַּעֲשֶׂה בָּא הָעוֹנֶשׁ גַּם כֵּן עַדָּבָר זֶה אֶלָּא לְפָנִים,	But in truth, “God sees the heart,” and on account of the outward appearance of the action, the punishment too came only outwardly.
וְעַל הָאֱמֶת נַהֲפוֹךְ הוּא וְעַל כֵּן בָּא עַל יְדֵי הָמָן דְּשׁוֹרֶשׁ עֲמָלֵק גַּם כֵּן כּוּלּוֹ אֵינוֹ אֶלָּא לְפָנִים	In truth, the reverse is the case. Therefore it came through Haman, whose root, Amalek, is likewise entirely concerned with outward appearances.
כִּי כָּל שׁוֹרֶשׁ עֵשָׂו פּוֹשֵׁט טְלָפַייִם,	For Esau's entire root is that of displaying his cloven hooves as a show of purity.
וְיָדוּעַ מַה שֶּׁכָּתוּב בְּוַיִּקְרָא רַבָּה (שְׁמִינִי) דְּד׳ מִינִים גָּמָל שָׁפָן אַרְנֶבֶת וַחֲזִיר נֶגֶד ד׳ מַלְכֻיּוֹת,	It is known that Vayikra Rabbah, on Shemini, states that the four species—the camel, rock hyrax, hare, and pig—correspond to the four empires.
וְהַחֲזִיר נֶגֶד עֵשָׂו דְּפוֹשֵׁט טְלָפַיִים בְּמַעֲשֶׂה אֲבָל הַפְּנִימִיּוּת כּוּלּוֹ רַע	The pig corresponds to Esau, who displays cloven hooves in his outward conduct, while inwardly he is entirely evil.
וְהוּא גֵּרָה לֹא יִגָּר לְשׁוֹן עָתִיד,	“And it will not chew the cud” is expressed in the future tense,
כִּי הַפְּנִימִיּוּת אֵינוֹ מִתְגַּלֶּה אֶלָּא לֶעָתִיד כַּאֲשֶׁר הַשֵּׁם יִתְבָּרַךְ הִגְלָהוּ	because its inward nature will be revealed only in the future, when the blessed God exposes it,
כְּמָה שֶׁכָּתוּב אֵיךְ נֶחְפְּשׂוּ עֵשָׂו נִבְעוּ מַצְפּוּנָיו	as it is written, “How Esau has been searched out; his hidden things have been uncovered.”
דְּהָאָדָם אֲשֶׁר יִרְאֶה לָעֵינַיִם אֵינֶנּוּ מַכִּיר בּוֹ עַד שֶׁהַשֵּׁם יִתְבָּרַךְ מְגַלֶּה מַצְפּוּנֵי לִבּוֹ לְעֵין כֹּל,	A human being, who sees what is visible to the eyes, cannot discern it until the blessed God reveals the heart's hidden recesses for all to see.
אֲבָל ג׳ מַלְכֻיּוֹת הָרִאשׁוֹנוֹת מַעֲלֵי גֵרָה	But the first three empires chew the cud.
וְדָרְשׁוּ בְּוַיִּקְרָא רַבָּה [סוֹף פָּרָשַׁת שְׁמִינִי] שֶׁמְּקַלְּסִית לְהַקָּדוֹשׁ בָּרוּךְ הוּא וְשֶׁמְּגַדְּלוֹת צַדִּיקִים,	Vayikra Rabbah, at the end of Shemini, expounds that they praise the Holy One, blessed be He, and raise righteous people to prominence.
הַיְינוּ דְּקִילּוּסוֹ יִתְבָּרַךְ עוֹלֶה גַּם מִן הָרְשָׁעִים כְּמָה שֶׁכָּתוּב בְּעֵירוּבִין (י״ט.)	That is, praise of the blessed God rises even from the wicked, as stated in Eruvin 19a.
וְעַל כֵּן אָמְרוּ (עֲבוֹדָה זָרָה ג׳:) כּוּלָּם גֵּרִים גְּרוּרִים לֶעָתִיד לָבוֹא חוּץ מֵאֱדוֹם	Therefore they said that in the future all will become converts drawn along by events, except Edom (Avodah Zarah 3b),
דִּכְתִיב וְלֹא יִהְיֶה שָׂרִיד לְבֵית עֵשָׂו כִּי אֵין קִילּוּס עוֹלֶה מֵהֶם כְּלָל כִּי שָׁורְשָׁם בָּרַע הַגָּמוּר,	for it is written, “There shall be no survivor of the house of Esau.” No praise rises from them at all, since their root is in complete evil.
וְעַל כֵּן הֵם עִיקַּר שׂוֹנְאֵי יִשְׂרָאֵל אַף הַצַּדִּיקִים שֶׁהֵם מַכִּירִים שֶׁהֵם צַדִּיקִים מִכָּל מָקוֹם שׂוֹנְאִים	Therefore they are Israel's principal enemies: even the righteous, whom they recognize as righteous, they nevertheless hate.
כִּי שׁוֹרֶשׁ עֵשָׂו הוּא יוֹדֵעַ רִבּוֹנוֹ וּמִתְכַּוֵּין לִמְרוֹד בּוֹ,	For Esau's root is that he knows his Master and deliberately rebels against Him.
מַה הֵם מְגַדְּלִים צַדִּיקִים כְּשֶׁמַּכִּירִים שֶׁזֶּה צַדִּיק וְשֶׁהַשֵּׁם יִתְבָּרַךְ רוֹצֶה בּוֹ,	The others, however, promote righteous people when they recognize that someone is righteous and that the blessed God favors him.
וְטוּמְאָתָם הוּא בַּטְּלָפַיִים הַייְנוּ בְּמַעֲשֶׂה	Their impurity is in their hooves, meaning in their actions.
דְּכָל אוּמָּה יֵשׁ לָהּ שׁוֹרֶשׁ מַעֲשֶׂה מְיוּחֶדֶת בָּרַע שֶׁאֵין יְכוֹלָה לִיפָּרֵד מִמֶּנּוּ כְּלָל,	For each nation has a particular root of evil conduct from which it cannot separate itself at all.
וּכְמָה שֶׁכָּתוּב (סִפְרֵי פָּרָשַׁת בְּרָכָה) דְּהֶחֱזִיר הַתּוֹרָה עַל כָּל אוּמָּה וְלָשׁוֹן	As stated in Sifrei on Parashat Berachah, He offered the Torah to every nation and language.
וְעֵשָׂו אָמַר מַה כָּתִיב בָּהּ לֹא תִרְצָח וְיִשְׁמָעֵאל לֹא תִנְאָף	Esau asked, “What is written in it?”—“You shall not murder”; and for Ishmael, “You shall not commit adultery.”
וְכֵן כּוּלָּם יֵשׁ לְכָל אַחַת דָּבָר שֶׁאִי אֶפְשָׁר לוֹ לִמְנוֹעַ מִזֶּה כְּלָל,	Likewise, each of them has something from which it cannot refrain at all.
מַה שֶּׁאֵין כֵּן יִשְׂרָאֵל שָׁרְשָׁם אֵינוֹ כָּפוּף וְשָׁקוּעַ בְּשׁוּם דָּבָר שֶׁלֹּא יוּכַל לִיבָּדֵל מִמֶּנּוּ כִּי שָׁרְשָׁם נִמְשָׁךְ אַחַר הַשֵּׁם יִתְבָּרַךְ,	Israel is different: their root is not bound or immersed in anything from which they cannot separate themselves, since their root follows the blessed God.
דְּעַל כֵּן הִקְדִּימוּ נַעֲשֶׂה לְנִשְׁמָע דְּהֵם מוּכָנִים לַעֲשׂוֹת כָּל מַה שֶּׁיְּצַוֶּה הַשֵּׁם יִתְבָּרַךְ	Therefore they placed “we will do” before “we will hear,” because they are prepared to do whatever the blessed God commands.
וְאוּמּוֹת הָעוֹלָם קָרוּ לְהוּ עַל זֶה עַמָּא פְּזִיזָא וְכוּלֵּי אִי מָצִיתוּ קַבְּלִיתוּ וְכוּלֵּי כְּמָה שֶׁכָּתוּב בְּפֶרֶק רַבִּי עֲקִיבָא (פ״ח.)	For this, the nations called them “an impetuous people,” etc.: “If you are able, accept it,” etc., as stated in the chapter “Rabbi Akiva” (Shabbat 88a).
כִּי חָשְׁבוּ שֶׁגַּם הֵם כְּמוֹהֶם דְּיֵשׁ דְּבָרִים דְּלָא מָצִיתוּ	For they thought Israel was like them, with things they were unable to do.
וּבֶאֱמֶת אֵצֶל יִשְׂרָאֵל לֹא שַׁיָּיךְ לָא מָצִיתוּ כְּלָל,	In truth, “you are unable” has no application to Israel at all.
וְהֵשִׁיבוּ אֲנַן דְּסָגִינָן בִּתְמִימוּתָא וְכוּלֵּי	They answered, “We, who walk in wholehearted trust,” etc.
כִּי מַה שֶּׁהֶחֱזִיר הַשֵּׁם יִתְבָּרַךְ הַתּוֹרָה עַל כָּל הָאוּמּוֹת אִם אֵין לָהֶם שַׁייָּכוּת לֹא הַיֵּשׁ לוֹמַר לְהַחֲזִיר עֲלֵיהֶם כְּלָל,	For if the nations had no connection to the Torah, there would be no reason at all for the blessed God to have offered it to them.
אֲבָל הֲרֵי בְּיָדָם לְהִתְגַּיֵּיר וּמְקַבְּלִים גֵּרִים מִכָּל הָאוּמּוֹת	Yet they can convert, and converts are accepted from all the nations.
הֲרֵי יֵשׁ בְּיָדָם גַּם כֵּן לְשַׁנּוֹת עַצְמָם רַק כְּשֶׁמִּתְגַּיְּירִים לִהְיוֹת בְּשֵׁם יִשְׂרָאֵל יְכַנּוּ,	They therefore can change themselves as well, but only when they convert, to be designated by the name Israel.
אֲבָל מִצַּד עַצְמָם אֵינוֹ כֵן וּמִכָּל מָקוֹם כֵּיוָן שֶׁבְּיָדָם לְהִתְגַּיֵּיר הֲרֵי בְּיָדָם לָכוֹף כֹּחָם גַּם כֵּן,	Of themselves, this is not so. Nevertheless, since they can convert, they can also subdue their own power.
אֲבָל יֵשׁ בְּכָל אוּמָּה הַשּׁוֹרֶשׁ דַּעֲמָלֵק הַנִּקְרָא רֵאשִׁית גּוֹיִם שֶׁמִּמֶּנּוּ יְנִיקַת שׁוֹרֶשׁ כֹּחָם,	But every nation contains the root of Amalek, called “the first of the nations,” from which the root of their power draws nourishment.
וַעֲמָלֵק הוּא תַּכְלִית פְּשִׁיטַת הַטְּלָפַייִם שֶׁאֵינוֹ כָּפוּף גַּם כֵּן תַּחַת שׁוּם כֹּחַ כְּלָל	Amalek is the ultimate display of cloven hooves: he too is not subject to any power at all,
אֲבָל מִכָּל מָקוֹם אֵינוֹ כּוֹפֵף כֹּחוֹתָיו לְהַשֵּׁם יִתְבָּרַךְ כִּי הוּא הַדַּעַת דְּרַע,	yet he does not submit his faculties to the blessed God, for he is the da'at, the integrative knowledge, of evil.
וְיָדוּעַ דְּדַעַת הוּא הַמְחַבֵּר חָכְמָה וּבִינָה	It is known that da'at joins chochmah, wisdom, and binah, understanding.
חָכְמָה הוּא מַה שֶּׁלָּמַד מִזּוּלַת אוֹ מוּשְׂכָּלוֹת רִאשׁוֹנוֹת,	Wisdom is what one has learned from another, or the mind's first principles.
וְחָכְמַת יִשְׂרָאֵל הוּא מַה שֶׁמְּקַבְּלִים מֵהַשֵּׁם יִתְבָּרַךְ,	Israel's wisdom is what they receive from the blessed God.
וּבִינָה הוּא מַה שֶׁמִּתְבּוֹנֵן מֵעַצְמוֹ	Understanding is what one grasps through one's own reflection.
וְדַעַת דִּקְדוּשָּׁה הוּא רוּחַ הַקּוֹדֶשׁ כְּדְפֵירוּשׁ רַבִּי שְׁלֹמֹה יִצְחָקִי [פָּרָשַׁת תִּשָּׂא]	Holy da'at is divine inspiration, as Rashi, Rabbi Shlomo Yitzchaki, explains on Parashat Ki Tisa.
הַייְנוּ שֶׁמְּחַבֵּר בִּינָתוֹ עִם חָכְמָתוֹ שֶׁל הַשֵּׁם יִתְבָּרַךְ וְיוֹדֵעַ וּמַכִּיר שֶׁהַכֹּל מֵהַשֵּׁם יִתְבָּרַךְ	That is, one joins one's understanding to the blessed God's wisdom and knows and recognizes that everything comes from the blessed God.
וְזֶהוּ רוּחַ הַקּוֹדֶשׁ וּכְמָה שֶׁכָּתוּב הָרַב מֹשֶׁה בֶּן נַחְמָן [בָּבָא בַּתְרָא י״ב א׳]	This is divine inspiration, as Nachmanides, Rabbi Moshe ben Nachman, states on Bava Batra 12a.
וְעַל יְדֵי דַעַת זֶה שֶׁבְּמוֹחוֹ וְלִבּוֹ מִמֵּילָא גּוֹרֵם דְּכָל מַעֲשִׂים הַחִיצוֹנִים גַּם כֵּן נִמְשָׁכִים מֵאֲמִיתּוּת רְצוֹן הַשֵּׁם יִתְבָּרַךְ,	Through this da'at in one's mind and heart, it follows naturally that all one's outward actions likewise flow from the truth of the blessed God's will.
וְזֶהוּ מֹשֶׁה מִלְּגָאו יַעֲקֹב מִלְּבַר (תִּיקּוּנֵי זוֹהַר י״ג)	This is “Moses inwardly, Jacob outwardly” (Tikkunei Zohar, Tikkun 13).
הַחִיצוֹנוּת הוּא מִדַּת אֱמֶת לְיַעֲקֹב דְּכָל נִגְלֵהוּ הוּא שְׂפַת אֱמֶת תִּכּוֹן לָעַד,	The outward aspect is the attribute of “truth to Jacob”: everything revealed in him is “a truthful lip established forever.”
וְיַעֲקֹב אִישׁ תָּם וּתְמִימוּת הוּא הֵיפֶךְ הַחָכְמָה	“Jacob was a wholehearted man,” and wholeheartedness is the opposite of self-devised cleverness.
וְהַייְנוּ שֶׁאֵין לוֹ חָכְמָה מִצַּד עַצְמוֹ כְּלָל כִּי מַכִּיר דְּהַכֹּל מֵהַשֵּׁם יִתְבָּרַךְ	That is, he has no wisdom from himself at all, since he recognizes that everything comes from the blessed God.
וְסָגֵי בִּתְמִימוּתָא שֶׁלֹּא לַחֲקוֹר אַחֲרָיו יִתְבָּרַךְ כְּלָל,	He walks in wholehearted trust, without probing into the blessed God's ways at all.
כִּי הֲלֹא אָנוּ מַכִּירִין שֶׁאֵין לָנוּ מִצִּידֵנוּ שׁוּם כֹּחַ וְשׁוּם חִיּוּת כְּלָל	For we recognize that, of ourselves, we have no power and no life at all.
וּמַאן דְּיָהִיב חַיֵּי יָהִיב כֹּחַ וְחָכְמָה וְכָל הַשַּׁייָּךְ לְכֹחוֹת הַנֶּפֶשׁ,	He who gives life gives power and wisdom, and everything belonging to the soul's faculties.
אֲבָל דַּעַת דְּרַע הוּא שֶׁאֵין מְחַבֵּר הִתְבּוֹנְנוּת עַצְמוֹ עִם חָכְמַת הַשֵּׁם יִתְבָּרַךְ	But evil da'at does not join one's own understanding to the blessed God's wisdom.
דְּעַל כֵּן אִסְתְּרַס וְלָא עָבֵיד פֵּירִין שֶׁהֲרֵי אֵינוֹ מְחַבֵּר חָכְמָה וּבִינָה כְּלָל	Therefore it is “emasculated and bears no fruit,” since it does not join wisdom and understanding at all.
רַק אַדְּרַבָּא חוֹשֵׁב בִּינָתוֹ לְדָבָר נִפְרָד וּמִתְחַכֵּם נֶגֶד הַשֵּׁם יִתְבָּרַךְ,	Rather, on the contrary, one regards one's understanding as something separate and devises cleverness against the blessed God.
וְזֶהוּ שׁוֹרֶשׁ וְרֵאשִׁית גּוֹיִם מִלְּגָאו	This is the inward root and “first of the nations.”
וְעַל יְדֵי זֶה נִמְשָׁךְ כָּל ע׳ אוּמּוֹת מִלְּבַר שֶׁהֵם ע׳ כֹּחוֹת שׁוֹנִים וְנִפְרָדִים	From it proceed all seventy nations outwardly, which are seventy different, separate powers,
הַנִּמְשָׁכִים מִצַּד חָכְמַת עַצְמָם בְּלֹא הַכָּרָה שֶׁהַכֹּל מֵהַשֵּׁם יִתְבָּרַךְ,	flowing from their own wisdom, without recognizing that everything comes from the blessed God.
וּמִסְפַּר ע׳ הוּא מִצַּד הַהִתְפַּשְּׁטוּת בְּמַעֲשֶׂה	The number seventy pertains to the extension into action.
כַּיָּדוּעַ דְּכָל דָּבָר כָּלוּל מִי׳ ג׳ רִאשׁוֹנוֹת וְז׳ תַּחְתּוֹנוֹת	As is known, everything comprises ten: three upper and seven lower sefirot.
ג׳ רִאשׁוֹנוֹת הֵם חָכְמָה בִּינָה דַּעַת שֶׁבַּמַּחֲשָׁבָה וְז׳ תַּחְתּוֹנוֹת בְּמַעֲשֶׂה	The first three are wisdom, understanding, and knowledge within thought, and the seven lower ones pertain to action.
וְכָל אַחַת כָּלוּל מִי׳ הֲרֵי ע׳.	Each contains ten, making seventy.
וְז׳ עַמְמִין דְּאֶרֶץ יִשְׂרָאֵל הֵם גַּם כֵּן כְּלַל ז׳ אֵלּוּ שֶׁכְּבָשׁוּם יִשְׂרָאֵל מֵאַרְצָם שֶׁבָּהֶם אֵין שׁוֹרֶשׁ זֶה וְכַיָּדוּעַ רְמִיזָתָם,	The seven nations of the Land of Israel likewise comprise these seven. Israel, in whom this root does not exist, conquered them from their land; their symbolic meanings are known.
וְד׳ מַלְכֻיּוֹת הַמּוֹשְׁלוֹת הֵם כְּלַל ד׳ סְפִירוֹת חֶסֶד גְּבוּרָה תִּפְאֶרֶת מַלְכוּת דְּרַע	The four ruling empires comprise the four sefirot of chesed, gevurah, tiferet, and malchut on the side of evil.
וְעַל כֵּן נִקְרָא אֱדוֹם בְּכָל מָקוֹם סְתָם מַלְכוּת הָרְשָׁעָה,	Therefore Edom is everywhere called, without further qualification, “the wicked kingdom.”
כִּי הוּא שׁוֹרֶשׁ מַלְכוּת דְּרַע דְּאָמְרוּ זִכְרוֹנָם לִבְרָכָה (קֹהֶלֶת רַבָּה פֶּרֶק א׳) שֶׁעָתִיד לְהַחֲזִיר מַלְכוּת לִבְעָלֶיהָ	For it is the root of evil kingship, of which our sages of blessed memory said that it will eventually return kingship to its owners (Kohelet Rabbah, chapter 1).
וְשׁוֹרֶשׁ מִדַּת מַלְכוּת הוּא מֶמְשָׁלָה וְתוֹקֶף כֹּחַ,	The root of the attribute of kingship is dominion and strength of power.
וְזֶהוּ שׁוֹרֶשׁ עֵשָׂו תַּקִּיפָא וְאֵימְתָנִי וְעַל חַרְבּוֹ יִחְיֶה חֶרֶב מוֹרֶה גְּבוּרָה וְכֹחַ,	This is Esau's root: mighty and fearsome, living by his sword. A sword signifies might and power.
וּמַלְכוּת קַדִּישָׁא דְּיִשְׂרָאֵל הֵם מַכִּירִים בְּיוֹתֵר שֶׁאֵין לָהֶם שׁוּם כֹּחַ רַק מֵהַשֵּׁם יִתְבָּרַךְ,	In Israel's holy kingship, they recognize all the more that they have no power except from the blessed God.
וּכְמָה שֶׁכָּתוּב בְּפֶרֶק אֵין עוֹמְדִין (לֹא דָּמֵי:) מֶלֶךְ כֵּיוָן שֶׁכּוֹרֵעַ שׁוּב אֵינוֹ זוֹקֵף	As stated in the chapter “One May Not Stand” (Berakhot 34b; the source's printed reference is unclear), once a king bows, he does not straighten up again.
לְפִי שֶׁמִּצַּד מַלְכוּתוֹ הָיָה נִרְאֶה מוֹשֵׁל וּבַעַל כֹּחַ	For by virtue of his kingship he would appear to rule and possess power.
עַל כֵּן בִּתְפִלָּה שֶׁהוּא עוֹמֵד לִפְנֵי מֶלֶךְ מַלְכֵי הַמְּלָכִים כּוֹפֵף עַצְמוֹ לְגַמְרֵי וְאֵין מַרְאֶה שׁוּם זְקִיפָה כְּלָל.	Therefore, in prayer, when he stands before the King of kings, he bends himself completely and shows no upright posture at all.
