וְשִׁכְחַת הַהֲלָכוֹת הֵם הִסְתַּלְּקוּת ג׳ מַתָּנוֹת הַנִּזְכָּר לְעֵיל וּכְבָר חָזַר הָעוֹלָם וְכוּלֵּי, 	The forgetting of the laws is the withdrawal of the three gifts mentioned above, and the world had already returned, and so forth.
כִּי אֵלּוּ ג׳ כְּלָלוֹת צָרְכֵי הָאָדָם בְּיוֹתֵר וְאִי אֶפְשָׁר לוֹ בְּלֹא הֵם	For these are the three most comprehensive human needs, and a person cannot do without them,
רַק (בִּלְתִּי נִיכָּר אֵיזֶה תֵּיבָה) יְהוֹשֻׁעַ	but [one word is illegible in the source] Joshua—
הַייְנוּ דְּמִצַּד מַדְרֵיגַת יְהוֹשֻׁעַ אֶפְשָׁר בְּלֹא אוֹתָם מַתָּנוֹת כִּי בָּאָרֶץ אֵין צְרִיכִים לְג׳ מַתָּנוֹת אֵלּוּ,	that is, from the standpoint of Joshua's spiritual level, one can do without those gifts, since in the Land these three gifts are unnecessary.
וְהַייְנוּ כַּנּוֹדָע דְּיֵשׁ נֶפֶשׁ רוּחַ נְשָׁמָה בָּאָדָם	This is as is known: a person has nefesh, ruach, and neshamah.
הַנֶּפֶשׁ הוּא הַדָּם וּמִתְפַּשֵּׁט בְּכֹחוֹת הַפְּעוּלָּה שֶׁבָּאָדָם וְהָרוּחַ בַּלֵּב וְהַנְּשָׁמָה בַּמּוֹחַ,	The nefesh is the blood and extends through a person's faculties of action; the ruach is in the heart, and the neshamah in the brain.
וְיֵשׁ עוֹד נְשָׁמָה לִנְשָׁמָה שֶׁהוּא מַקִּיף אֶת הָאָדָם,	There is also a “soul of the soul,” which encompasses the person.
וּבְכֹחוֹת הַפְּעוּלָּה נוֹלְדוּ סְפֵיקוֹת וְלֹא שִׁכְחָה גְמוּרָה רַק שֶׁלֹּא יָדְעוּ מַה לַּעֲשׂוֹת,	In the faculties of action, doubts arose rather than complete forgetfulness: they simply did not know what to do.
וְהָרוּחַ וּנְשָׁמָה שֶׁהֵם אוֹרוֹת פְּנִימִים בַּגּוּף וְכֵן נְשָׁמָה לִנְשָׁמָה הַמַּקִּיף נִסְתַּלְּקוּ לְגַמְרֵי	But the ruach and neshamah, which are inward lights within the body, and likewise the encompassing “soul of the soul,” withdrew completely.
שֶׁנֶּגְדָּם בְּאֵר וּמָן הוּא אוֹר פְּנִימִי וְעַנְנֵי כָבוֹד מַקִּיף,	Corresponding to them, the well and manna are inward light, while the clouds of glory are encompassing light.
וְהוּא נֶגֶד אַהֲרֹן כְּמוֹ שֶׁאָמְרוּ זִכְרוֹנָם לִבְרָכָה (תַּעֲנִית ט׳.)	The latter corresponds to Aaron, as our sages of blessed memory said (Ta'anit 9a).
וְהַיְינוּ כִּי הַכֹּהֵן מַעֲלָותוֹ וְהִתְנַשְּׂאוּתוֹ הוּא בְּבִגְדֵי כְהוּנָּה כְּמוֹ שֶׁנֶּאֱמַר שֶׁהֵם לְכָבוֹד וְתִפְאֶרֶת שֶׁהוּא מְלוּבָּשׁ בְּאוֹר הַשֵּׁם יִתְבָּרַךְ,	For the priest's distinction and elevation lie in the priestly garments, which, as Scripture states, are “for honor and beauty”: he is clothed in the light of the blessed God.
וְכֵן עַנְנֵי כָבוֹד נִקְרָאִים כָּבוֹד שֶׁהֵם לְכָבוֹד	Similarly, the clouds of glory are called “glory” because they confer honor.
כִּי הַכָּבוֹד הוּא מִצַּד הַמַּקִּיף לָאָדָם דִּבְפְנִימִיּוּתוֹ לֹא שַׁייָּךְ כָּבוֹד כִּי אֵין כָּבוֹד אֶלָּא מֵאֲחֵרִים,	Honor belongs to what encompasses a person; within oneself, honor has no place, since honor comes only from others.
וְהוּא נֶגֶד מַעֲלַת הַנְּבוּאָה שֶׁהַנָּבִיא דְּבַר הַשֵּׁם יִתְבָּרַךְ הוּא אוֹר מַקִּיף לוֹ	This corresponds to the distinction of prophecy: for the prophet, the blessed God's word is an encompassing light,
וּכְאִלּוּ עוֹמֵד חוּץ מִמֶּנּוּ וְאוֹמֵר זֶה אוֹ כֹּה אָמַר הַשֵּׁם,	as though standing outside him and saying, “This,” or “Thus said God.”
אֲבָל הַחָכְמָה וְכֵן הַיִּרְאָה שֶׁבַּלֵּב הוּא בִּפְנִימִיּוּת הָאָדָם	Wisdom, however, and likewise the awe within the heart, are inward to the person.
וְהַחָכְמָה מַעֲלַת מֹשֶׁה רַבֵּינוּ עָלָיו הַשָּׁלוֹם וְהוֹרָאַת שֵׁם מֹשֶׁה בְּיִחוּד כַּנִּזְכָּר לְעֵיל	Wisdom is the distinction of Moses our teacher, peace be upon him, and the specific significance of the name Moses, as mentioned above.
לְכָךְ בִּזְכוּתוֹ הַמָּן שֶׁהוּא לֶחֶם שֶׁמַּלְאֲכֵי הַשָּׁרֵת אוֹכְלִין (יוֹמָא ע״ה:)	Therefore, the manna came through his merit: it is bread that the ministering angels eat (Yoma 75b).
דְּתוֹרָה נִקְרֵאת לֶחֶם וְהוּא מָזוֹן גַּם לְמַלְאֲכֵי הַשָּׁרֵת וּלְכָל הָעוֹלָמוֹת כַּנּוֹדָע,	For Torah is called bread, and it nourishes even the ministering angels and all the worlds, as is known.
וּבְאֵר בִּזְכוּת מִרְיָם נוּקְבָא כְּטַעַם אִשָּׁה יִרְאַת הַשֵּׁם דְּיִרְאָה נִקְרָא נוּקְבָא	The well came through the merit of Miriam, the feminine aspect, in the sense of “a woman who fears God”; for awe is called the feminine aspect.
וְגַם דָּוִד הַמֶּלֶךְ עָלָיו הַשָּׁלוֹם אָתֵי מִמִּרְיָם כְּמוֹ שֶׁאָמְרוּ זִכְרוֹנָם לִבְרָכָה (שְׁמוֹת רַבָּה פֶּרֶק א׳) מְלָכִים מִמִּרְיָם וְהוּא נֶגֶד תּוֹאַר מֶלֶךְ,	King David, peace be upon him, also descends from Miriam, as our sages of blessed memory said: kings descend from Miriam (Shemot Rabbah, chapter 1). This corresponds to the designation “king.”
כִּי עִנְיַן חֲפִירַת בְּאֵרוֹת דְּאָבוֹת הָיָה כְּטַעַם יָגַעְתִּי וּמָצָאתִי (מְגִילָּה ו׳:)	For the Patriarchs' digging of wells had the meaning of “I labored and found” (Megillah 6b).
וְשָׁמַעְתִּי דְּאַחַר הַיְגִיעָה הוּא מוֹצֵא מְצִיאָה דָּבָר שֶׁהוּא שֶׁלֹּא בִּיגִיעָתוֹ	I have heard that, after the labor, one makes a discovery—something that does not result directly from one's labor.
דִּמְצִיאָה הוּא בְּהֶיסַּח הַדַּעַת וְלֹא בִּיגִיעָה רַק מִכָּל מָקוֹם לוּלֵי יְגִיעָה זוֹ לֹא הָיָה מוֹצֵא זֶה,	A discovery comes unexpectedly, rather than through labor; nevertheless, without this labor, one would not have found it.
וְכֵן בְּאֵר מִרְיָם הֲרֵי הַמַּיִם שָׁם מְצוּיִים רַק עַל יְדֵי הַיְגִיעָה דַּחֲפִירָה הוּא מוֹצֵא אוֹתָן,	Likewise with Miriam's well: the water is already there, but through the labor of digging, one finds it.
כָּךְ כָּל יְגִיעַת הָאָדָם לִמְצוֹא אוֹתוֹ מַעְיָן נוֹבֵעַ שֶׁבַּלֵּב מִמְּקוֹר הַחַיִּים יִתְבָּרַךְ שְׁמוֹ,	So all human labor is directed toward finding that flowing spring within the heart, from the Source of Life, blessed be His name.
וּלְכָךְ פְּלִשְׁתִּים סְתָמוּם	That is why the Philistines stopped up the wells.
כִּי עִנְיַן פְּלִשְׁתִּים פְּלִשַׁת יָם פֵּירוּשׁ שֶׁנִּקְרָאִים כֵּן עַל שֵׁם עִסְקָם לְפַלֵּשׁ וּלְבַקֵּשׁ בָּעֲמָקִים	The significance of “Philistines”—“penetrating the sea”—is that they are so named for their occupation of penetrating and searching the depths,
כְּעִנְיַן נָחוֹתֵי יַמָּא לְהַעֲלוֹת מַטְמוֹנוֹת שֶׁבַּיָּם שֶׁזֶּה גַּם כֵּן יְגִיעָה לִמְצוֹא דָּבָר שֶׁכְּבָר הוּא מָצוּי שָׁם רַק שֶׁהוּא בְּעִסְקֵי עוֹלָם הַזֶּה,	like divers who descend into the sea to bring up its hidden treasures. This too is labor to find something already present, but it concerns the affairs of this world.
וְהָאָבוֹת עָשׂוּ כְּמַעֲשֵׂיהֶם בְּעִנְיְנֵי עוֹלָם הַבָּא וְצָרְכֵי הַנֶּפֶשׁ לֹא בְּצָרְכֵי הַגּוּף,	The Patriarchs performed the corresponding activity in matters of the World to Come and the needs of the soul, rather than the needs of the body.
וְהֵם בְּמַה שֶּׁהִשְׁתַּמְּשׁוּ בְּאוֹתָם כֹּחוֹת לְעִנְיְינֵי עוֹלָם הַזֶּה, הוּא סְתִימַת הַבְּאֵרוֹת דְּאָבוֹת,	The Philistines' use of those same faculties for worldly matters constitutes the stopping up of the Patriarchs' wells.
וְזֶה עִנְיַן מִלְחָמָה עִם פְּלִשְׁתִּים שֶׁהִתְחִיל מִימוֹת שִׁמְשׁוֹן עַד דָּוִד הַמֶּלֶךְ עָלָיו הַשָּׁלוֹם שֶׁהוּא הַגּוֹמֵר,	This is the significance of the war against the Philistines, which began in Samson's days and continued until King David, peace be upon him, who completed it.
כִּי לְעוֹלָם יְהוּדָה וְדָן מְחוּבָּרִים כְּמוֹ בִּמְלֶאכֶת מִשְׁכָּן וּכְדְאִיתָא בַּזּוֹהַר פָּרָשַׁת וַיְחִי גַּם אֶלְעָתִיד	For Judah and Dan are always joined, as in the work of the Tabernacle and, as stated in the Zohar on Parashat Vayechi, also in the future.
וְאָמְרוּ זִכְרוֹנָם לִבְרָכָה (בְּרֵאשִׁית רַבָּה פֶּרֶק צ״ח) עַל פָּסוּק לִישׁוּעָתְךָ וְגוֹמֵר דְּיַעֲקֹב אָבִינוּ עָלָיו הַשָּׁלוֹם חָשַׁב עַל שִׁמְשׁוֹן שֶׁהוּא מָשִׁיחַ,	Our sages of blessed memory said on the verse “For Your salvation,” etc., that Jacob our father, peace be upon him, thought Samson was the Messiah (Bereshit Rabbah, chapter 98).
הַיְינוּ כִּי הוּא מְחוּבָּר לְדָוִד הַמֶּלֶךְ עָלָיו הַשָּׁלוֹם שֶׁהוּא בֶּאֱמֶת מָשִׁיחַ כְּדִבְרֵי חֲכָמֵינוּ זִכְרוֹנָם לִבְרָכָה, (זוֹהַר הַקָּדוֹשׁ חֵלֶק א׳ פ״ב:)	That is, Samson is joined to King David, peace be upon him, who truly is the Messiah, as our sages of blessed memory taught (Zohar I, 82b).
וְעִסְקָם מִלְחֶמֶת פְּלִשְׁתִּים הַיְינוּ נִיצּוּחַ אוֹתוֹ כֹחַ דְּיָגַעְתִּי וּמָצָאתִי בְּעִנְיְינֵי עוֹלָם הַזֶּה רַק לְהַכְנִיסוֹ לִקְדוּשָּׁה,	Their work of fighting the Philistines means overcoming that faculty of “I labored and found” in worldly affairs, in order to bring it into holiness.
כַּנּוֹדָע בַּזּוֹהַר כַּמָּה פְּעָמִים דִּבְאֵר רוֹמֶזֶת לְמִדַּת דָּוִד הַמֶּלֶךְ עָלָיו הַשָּׁלוֹם,	As is known from many passages in the Zohar, a well alludes to King David's spiritual attribute.
כַּנִּזְכָּר לְעֵיל דְּמִדַּת הַמֶּלֶךְ כָּךְ הוּא יְגִיעָה וְהִשְׁתַּדְּלוּת אָדָם עַד שֶׁמּוֹצֵא דָבָר זֶה דְּהַכֹּל בִּידֵי שָׁמַיִם וְשֶׁזֶּהוּ הִשְׁתַּדְּלוּת אָדָם,	As mentioned above, the king's attribute is human labor and effort until one discovers that everything is in Heaven's hands, and that this is the purpose of human effort.
וּלְכָךְ אָמְרוּ בַּזּוֹהַר (חֵלֶק א׳ קנ״א:) דְּדָוִד הַמֶּלֶךְ עָלָיו הַשָּׁלוֹם לֹא נִזְדַּמֵּן לִבְאֵר וְיַעֲקֹב וּמֹשֶׁה נִזְדַּמֵּן לָהֶם בְּאֵר,	Therefore the Zohar states that King David, peace be upon him, did not happen upon a well, whereas Jacob and Moses did (Zohar I, 151b).
וְהָאָבוֹת חָפְרוּ דְּעִנְיַן הַיְגִיעָה חִידֵּשׁ אַבְרָהָם אָבִינוּ עָלָיו הַשָּׁלוֹם	The Patriarchs dug wells, for Abraham our father, peace be upon him, introduced this form of labor,
וְאַחֲרָיו יִצְחָק שֶׁהוּא עַמּוּד הָעֲבוֹדָה וְהֵם ב׳ הַקְּצָווֹת דְּאַהֲבָה וְיִרְאָה בְּהִשְׁתַּדְּלוּת אָדָם,	and after him Isaac, the pillar of divine service. They are the two poles of love and awe within human effort.
וְיַעֲקֹב אָבִינוּ עָלָיו הַשָּׁלוֹם מִלְּבַר דְּהוּא מֹשֶׁה רַבֵּינוּ עָלָיו הַשָּׁלוֹם מִלְּגָאו שֶׁהוּא בַּעֲלָא דְּמַטְרוֹנִיתָא	Jacob our father, peace be upon him, is the outward aspect, whose inward aspect is Moses our teacher, peace be upon him, the consort of the Matron, the Shechinah.
וְנִזְדַּמֵּן לוֹ הַבְּאֵר בְּעֵת הַזִּיוּוּג כִּי הוּא נִזְדַּווֵּג לְמִדָּה זוֹ שֶׁל בְּאֵר	He happened upon the well at the time of his union, for he was united with this attribute of the well,
דְּרוֹצֶה לוֹמַר מַעְייָן נוֹבֵעַ אַחַר הַיְגִיעָה וְהִשְׁתַּדְּלוּת,	meaning a spring that flows after labor and effort.
וְהֵם לֹא חָפְרוּ דְּשׁוֹרֶשׁ יַעֲקֹב אָבִינוּ עָלָיו הַשָּׁלוֹם שֵׁם הֲוָיָ׳ דְּרוֹצֶה לוֹמַר שֶׁהַכֹּל בִּידֵי שָׁמַיִם	They did not dig, since the root of Jacob our father, peace be upon him, is the Name Havayah, signifying that everything is in Heaven's hands.
וּמְצִיאַת בְּאֵר בָּא לָהֶם בְּהִזְדַּמְּנוּת,	Thus their finding a well came about providentially.
וְדָוִד הַמֶּלֶךְ עָלָיו הַשָּׁלוֹם הוּא עֶצֶם הַבְּאֵר כְּטַעַם צוּר לְבָבִי וְגוֹמֵר	King David, peace be upon him, is the well itself, in the sense of “the Rock of my heart,” etc.
כִּי לְבָבוֹ הוּא הַצּוּר אֲגַם מָיִם לְמַעְיְנוֹ מָיִם כִּי זֶהוּ שְׁלֵימַת מִדַּת דָּוִד הַמֶּלֶךְ עָלָיו הַשָּׁלוֹם,	For his heart is the rock made into a pool of water, into a spring of water; this is the perfection of King David's attribute.
וְכֵן הָאָבוֹת אַבְרָהָם אָבִינוּ עָלָיו הַשָּׁלוֹם נֶגֶד עַנְנֵי כָבוֹד כִּי הוּא כֹהֵן וְגוֹמֵר עֶלְיוֹן	Likewise among the Patriarchs, Abraham our father, peace be upon him, corresponds to the clouds of glory, since he is a priest, etc., of the Most High,
כְּטַעַם וְאַתָּה כֹהֵן לְעוֹלָם כְּמוֹ שֶׁאָמְרוּ זִכְרוֹנָם לִבְרָכָה (נְדָרִים ל״ב.) וְנִתְפָּרֵשׁ בַּזּוֹהַר,	in the sense of “and you are a priest forever,” as our sages of blessed memory said (Nedarim 32a), and as explained in the Zohar.
וְיִצְחָק נֶגֶד הַמָּן שֶׁהוּא נֶגֶד הַתּוֹרָה דְּמִסִּטְרָא דְּיִצְחָק כַּנִּזְכָּר לְעֵיל	Isaac corresponds to the manna, which corresponds to Torah, originating from Isaac's side, as mentioned above.
וּלְכָךְ יִצְחָק הוּצְרַךְ לַאֲכִילָה שֶׁתִּשְׁרֶה עָלָיו שְׁכִינָה לְמַעַן תְּבָרֶכְךָ וְגוֹמֵר	Therefore Isaac needed to eat so that the Shechinah would rest upon him: “so that [my soul] may bless you,” etc.
כִּי הַמָּן לֶחֶם שֶׁמַּלְאֲכֵי הַשָּׁרֵת אוֹכְלִים (יוֹמָא ע״ה:) הוּא מִכֹּחוֹ,	For the manna, the bread that the ministering angels eat (Yoma 75b), comes from his power.
[וְגַם כִּי הוּא נִבְחַר לְקָרְבָּן לְמַאֲכָל לְהַשֵּׁם יִתְבָּרַךְ	[And also because he was chosen as an offering, as food for the blessed God:
כִּי הַקָּרְבָּן נִקְרָא לֶחֶם אֱלֹקֶיךָ לְכָךְ זָכָה גַּם הוּא לְלַחְמוֹ שֶׁל הַשֵּׁם יִתְבָּרַךְ],	the offering is called “the bread of your God.” Therefore he too merited the blessed God's bread.]
וּבְאֵר נֶגֶד יַעֲקֹב שֶׁנִּזְדַּמֵּן לוֹ בְּלֹא חֲפִירָה וִיגִיעָה כִּי הִיא מִסִּיטְרֵיהּ מוּכֶנֶת לוֹ מִשֵּׁשֶׁת יְמֵי בְרֵאשִׁית,	The well corresponds to Jacob: it came to him without digging or labor, since it belongs to his side and has been prepared for him since the six days of Creation.
דִּבְאֵר רוֹמֶזֶת לְמִדַּת רָחֵל וְלֵאָה אֲשֶׁר בָּנוּ שְׁתֵּיהֶם אֶת בֵּית יִשְׂרָאֵל כַּנּוֹדָע.	For the well alludes to the attribute of Rachel and Leah, who both built the house of Israel, as is known.
