וְהִנֵּה גָּלוּת מִצְרִיךְ בָּא עַל יְדֵי מְכִירַת יוֹסֵף הַייְנוּ קִלְקוּל הַבְּרִית כַּנִּזְכָּר לְמַעְלָה,	The Egyptian exile came through Joseph's sale, meaning damage to the covenant, as mentioned above.
וְכַיָּדוּעַ מֵהָאֱלֹהִי רַבִּי יִצְחָק זִכְרוֹנוֹ לִבְרָכָה כִּי נְפָשׁוֹת דְּגָלוּת מִצְרַיִם הֵם מִטִּיפֵי קֶרִי דְּאָדָם הָרִאשׁוֹן	As is known from the godly Rabbi Isaac Luria of blessed memory, the souls of the Egyptian exile originated in the seminal emissions of Adam, the first man.
וְגָלוּת יָוָן בְּקִלְקוּל הַחָכְמָה כַּנִּזְכָּר לְעֵיל וְהַכֹּל אֶחָד כַּנִּזְכָּר לְעֵיל,	The Greek exile came through damage to wisdom, as mentioned above; it is all one matter, as mentioned above.
וְכֵן הַהַתְחָלָה בְּהַעְתָּקַת הַתּוֹרָה יְוָנִית כְּמָה שֶׁכָּתוּב בְּמַסֶּכֶת מְגִילַּת תַּעֲנִית שֶׁחָשַׁךְ הָעוֹלָם אָז.	Likewise, it began with translating the Torah into Greek; as stated in Megillat Ta'anit, the world grew dark then.
פֵּירוּשׁ שֶׁעַל יְדֵי זֶה הִתְחִילוּ לְהִתְעָרֵב חָכְמַת יְוָנִית בְּחָכְמַת הַתּוֹרָה וְנֶעְדַּר אוֹר הַתּוֹרָה הָאֲמִיתִּי	This means that Greek wisdom began to mix with Torah wisdom, and the Torah's true light was lost.
וְזֶה הָיָה בְּאוֹנֶס וְהִתִּירוּ רַבּוֹתֵינוּ כִּדְאִיתָא בִּמְגִילָּה (ט׳.)	This took place under compulsion, and our rabbis permitted it, as stated in Megillah 9a.
וְכֵן קֶרִי דְּאָדָם הָרִאשׁוֹן מְפוֹרָשׁ בְּעֵירוּבִין דְּחָזֵי לְאוֹנְסוֹ	Likewise, Eruvin explicitly states that Adam's seminal emissions occurred involuntarily.
וְכֵן כָּל עָוֹן דְּהוֹצָאַת זֶרַע לְבַטָּלָה נִקְרָא רַע מִנְּעוּרָיו וּכְאִלּוּ אָנוּס כַּנִּזְכָּר לְעֵיל	Likewise, every transgression of wasting seed is called “evil from his youth,” and is as though compelled, as mentioned above.
כִּי בֶּאֱמֶת נְשָׁמָה שֶׁנָּתַתָּ בִּי טְהוֹרָה	For in truth, “the soul You have placed within me is pure.”
רַק מַה שֶׁבָּרָא הַשֵּׁם יִתְבָּרַךְ הַיֵּצֶר רַע וְהַהֶכְרֵחַ שֶׁיִּהְיֶה אֵיזֶה חֶסְרוֹן וּפְגָם,	It is only that the blessed God created the evil inclination, making some deficiency and blemish unavoidable.
וּלְכָךְ הַתִּיקּוּן גַּם כֵּן עַל יְדֵי כֹּהֲנִים שֶׁמַּעֲלָתָם גַּם כֵּן עַל דֶּרֶךְ הַהֶכְרֵחַ מִן הַשָּׁמַיִם וְלֹא בִּבְחִירָה כְּלָל	Therefore the repair too comes through priests, whose distinction is likewise ordained by Heaven, rather than chosen at all:
רַק שֶׁנּוֹלַד מִמִּשְׁפַּחַת כֹּהֲנִים כַּנִּזְכָּר לְעֵיל	simply that one was born into a priestly family, as mentioned above.
וְתִיקּוּן הַתְחָלַת הַהַמְשָׁכָה דְּיֵשׁ מֵאַיִן הוּא עַל יְדֵי הַהַחְזָרָה לְאַיִן כַּנִּזְכָּר לְעֵיל,	The repair of the initial drawing forth of something from nothing is through returning it to nothing, as mentioned above.
וּלְכָךְ קוֹרִין בְּשַׁבָּת שֶׁבַּחֲנוּכָּה עַל הָרוֹב פָּרָשַׁת מִקֵּץ וּבְכָל חֲנוּכָּה קָרְבָּנוֹת דִּנְשִׂיאִים שֶׁהוּא חֲנוּכַּת הַמִּשְׁכָּן,	Therefore on the Shabbat of Chanukah we generally read Parashat Miketz, and throughout Chanukah we read the princes' offerings, which constituted the dedication of the Tabernacle.
וְזֶה הָיָה בְּנִיסָן כִּי פָּרָשַׁת מִקֵּץ הוּא תִּיקּוּן הַבְּרִית	That dedication took place in Nisan. Parashat Miketz concerns the repair of the covenant.
[כַּיָּדוּעַ כָּל פָּרָשָׁה שֶׁבַּתּוֹרָה שְׁמָהּ הַנִּקְרָא עַל שֵׁם הַתְחָלָתָהּ הוּא יְסוֹד שֶׁל כָּל הַפָּרָשָׁה	[As is known, the name of every Torah portion, taken from its opening, is the foundation of the entire portion.
וּפָרָשָׁץ מִקֵּץ הוּא הַהֲקָצָה מִן הַחֲלוֹם	In Parashat Miketz, this is waking from the dream:
וְהַיְינוּ הַחְזָרַת הַחֲלוֹם וְהַדִּמְיוֹן אֶל אֱמֶת וְחָכְמָה	that is, returning the dream and the imagination to truth and wisdom,
כְּעִנְיַן בְּשׁוּב הַשֵּׁם אֶת שִׁיבַת צִיּוֹן הָיִינוּ כְּחוֹלְמִים	in the sense of “When God returns the captivity of Zion, we were like dreamers.”
אָז יִהְיֶה תִּיקּוּן גָּמוּר לְכָל הַחֲלוֹמוֹת וְאֵין כָּאן מְקוֹמוֹ]	Then all dreams will be completely repaired. This is not its place.]
וְקָרְבָּנוֹת נְשִׂיאִים הוּא תִּיקּוּן הַחָכְמָה כִּי יֵשׁ דִּמְיוֹן כּוֹזֵב לְגַמְרֵי	The princes' offerings concern the repair of wisdom, for there is imagination that is entirely false.
וְעַל יְדֵי שְׁמִירַת הַבְּרִית אָז הַדִּמְיוֹן שֶׁלּוֹ אֱמֶת וְאֵין כּוֹזֵב לְגַמְרֵי,	Through guarding the covenant, one's imagination becomes true and is not entirely false,
וּכְחֲלוֹם יוֹסֵף הַנִּתְקַיֵּים וּמָלַךְ הוּא וְכֵן יְהוֹשֻׁעַ בִּן נוּן וּשְׁאָר מְלָכִים מִזַּרְעוֹ,	like Joseph's dream, which was fulfilled, and he became a ruler; likewise Joshua son of Nun and the other rulers descended from him.
אַךְ מִכָּל מָקוֹם אֵינוֹ אֱמֶת גָּמוּר שֶׁתִּיכּוֹן לָעַד כִּי לְעוֹלְמֵי עַד אֵין מֶלֶךְ אֶלָּא מִשֵּׁבֶט יְהוּדָה	Yet it is still not complete truth that will endure forever, since for all eternity the king comes only from the tribe of Judah.
וַיִּמְאַס בְּאוֹהֶל יוֹסֵף וְגוֹמֵר וַעֲדַייִן אֵינוֹ אֱמֶת גָּמוּר,	“He rejected the tent of Joseph,” etc.; it is therefore still not complete truth.
וְגַם חָכְמַת אוּמּוֹת הָעוֹלָם בְּחָכְמַת הַלִּימּוּדִיּוֹת וְטִבְעִית הֵם אֱמֶת לְפִי שָׁעָה דְּאוּלָם הַזֶּה	Likewise, the nations' wisdom in mathematics and natural science is true for the duration of this world,
אֲבָל אֵינוֹ דָבָר הַקַּייָּם לְעוֹלְמֵי עַד אַחַר שֶׁשָּׁמַיִם וָאָרֶץ כַּבֶּגֶד תִּבְלֶה,	but is not something enduring forever, since heaven and earth will wear out like a garment.
וּלְכָךְ הֲגַם דְּיוֹסֵף כָּפָה יִצְרָא דַּעֲרָיוֹת מִכָּל מָקוֹם יִצְרָא דַּעֲבוֹדָה זָרָה גָּבַר רַק עַל יְדֵי יָרָבְעָם בְּעֶגְלֵי זָהָב	Therefore, although Joseph subdued the inclination toward forbidden sexual relations, the inclination toward idolatry nevertheless gained strength through Jeroboam's golden calves.
וְכֵן עֵגֶל דְּמִדְבָּר הָיָה עַל יְדֵי טַס זָהָב שֶׁהֶעֱלוּ אֲרוֹנוֹ שֶׁל יוֹסֵף	Likewise, the calf in the wilderness came about through the gold plate used to raise Joseph's coffin,
כְּמוֹ שֶׁאָמְרוּ זִכְרוֹנָם לִבְרָכָה (מַתַּן תּוֹרָה תִּשָּׂא)	as our sages of blessed memory said in the Midrash on the giving of the Torah, Ki Tisa.
כִּי עֲבוֹדָה זָרָה שֶׁל יִשְׂרָאֵל אֵין לָהּ בִּטּוּל עוֹלָמִית	For an idol belonging to a Jew can never be nullified.
הַיְינוּ דִּבְעוֹבְדֵי כּוֹכָבִים וּמַזָּלוֹת כְּשֶׁחוֹזֵר מִתְבַּטְּלִים מַעֲשָׂיו גַּם כֵּן וּכְאִלּוּ לֹא עָשָׂה כִּי כָּל מַעֲשָׂיו תּוֹהוּ וָהֶבֶל.	That is, when an idolater turns back, his actions too are nullified, as though he had not acted, for all his actions are emptiness and vanity.
מַה פְּעוּלַּת הַיִּשְׂרָאֵל י אִי אֶפְשָׁר לְהִתְבַּטֵּל	An Israelite's action, however, cannot be nullified.
דְּגַם שֶׁחוֹזֵר נַעֲשׂוּ כִּזְכֻיּוֹת וְהַמַּעֲשֶׂה לֹא נִתְבַּטְּלָה	Even when he repents, the transgressions become like merits; the action itself has not been nullified.
[וּלְכָךְ יָלְפִינַן לָהּ (עֲבוֹדָה זָרָה נ״ב.) דְּאֵין לָהּ בִּיטּוּל מִמִּזְבֵּחַ וְהָבֵן]:	[Therefore the rule that it cannot be nullified is derived from the altar (Avodah Zarah 52a). Understand this.]
